target_key,preferred_name_es,category,subcategory,preparation_state,priority_tier,chile_relevance,expected_source,source_food_id,source_dataset,source_version,mapping_status,catalog_food_id,coverage_status,discovery_origin,decision_reason
vegetable-espinaca-cruda,Espinaca cruda,vegetable,leafy,raw,A,essential,internal_seed,core-spinach-raw,core_natural_foods_es_cl,v1,mapped,,source_mapped,,
vegetable-espinaca-cocida,Espinaca cocida,vegetable,leafy,cooked,B,common,usda_sr_legacy,168463,sr_legacy,2018-04,mapped,,source_mapped,,
vegetable-acelga-cruda,Acelga cruda,vegetable,leafy,raw,A,essential,usda_sr_legacy,169991,sr_legacy,2018-04,mapped,,source_mapped,,
vegetable-acelga-cocida,Acelga cocida,vegetable,leafy,cooked,B,common,usda_sr_legacy,170401,sr_legacy,2018-04,mapped,,source_mapped,,
vegetable-lechuga-escarola-cruda,Lechuga escarola cruda,vegetable,leafy,raw,B,common,usda_sr_legacy,,,,blocked,,deferred,,"Sin coincidencia USDA única para especie, preparación o forma; se difiere para evitar un mapeo aproximado."
vegetable-lechuga-costina-cruda,Lechuga costina cruda,vegetable,leafy,raw,B,common,usda_sr_legacy,169247,sr_legacy,2018-04,mapped,,source_mapped,,
vegetable-lechuga-francesa-cruda,Lechuga francesa cruda,vegetable,leafy,raw,B,common,usda_sr_legacy,168429,sr_legacy,2018-04,mapped,,source_mapped,,
vegetable-lechuga-hoja-roja-cruda,Lechuga hoja roja cruda,vegetable,leafy,raw,B,common,usda_sr_legacy,168431,sr_legacy,2018-04,mapped,,source_mapped,,
vegetable-kale-crudo,Kale crudo,vegetable,leafy,raw,B,common,usda_sr_legacy,168421,sr_legacy,2018-04,mapped,,source_mapped,,
vegetable-kale-cocido,Kale cocido,vegetable,leafy,cooked,B,common,usda_sr_legacy,169238,sr_legacy,2018-04,mapped,,source_mapped,,
vegetable-berro-crudo,Berro crudo,vegetable,leafy,raw,B,common,usda_sr_legacy,170068,sr_legacy,2018-04,mapped,,source_mapped,,
vegetable-rucula-cruda,Rúcula cruda,vegetable,leafy,raw,B,common,usda_sr_legacy,169387,sr_legacy,2018-04,mapped,,source_mapped,,
vegetable-endivia-cruda,Endivia cruda,vegetable,leafy,raw,B,common,usda_sr_legacy,168412,sr_legacy,2018-04,mapped,,source_mapped,,
vegetable-brocoli-crudo,Brócoli crudo,vegetable,cruciferous,raw,A,essential,usda_sr_legacy,170379,sr_legacy,2018-04,mapped,,source_mapped,,
vegetable-brocoli-cocido,Brócoli cocido,vegetable,cruciferous,cooked,A,essential,internal_seed,core-broccoli-cooked,core_natural_foods_es_cl,v1,mapped,,source_mapped,,
vegetable-coliflor-cruda,Coliflor cruda,vegetable,cruciferous,raw,A,essential,usda_sr_legacy,169986,sr_legacy,2018-04,mapped,,source_mapped,,
vegetable-coliflor-cocida,Coliflor cocida,vegetable,cruciferous,cooked,B,common,usda_sr_legacy,170397,sr_legacy,2018-04,mapped,,source_mapped,,
vegetable-repollo-blanco-crudo,Repollo blanco crudo,vegetable,cruciferous,raw,A,essential,usda_sr_legacy,169975,sr_legacy,2018-04,mapped,,source_mapped,,
vegetable-repollo-blanco-cocido,Repollo blanco cocido,vegetable,cruciferous,cooked,B,common,usda_sr_legacy,,,,blocked,,deferred,,"Sin coincidencia USDA única para especie, preparación o forma; se difiere para evitar un mapeo aproximado."
vegetable-repollo-morado-crudo,Repollo morado crudo,vegetable,cruciferous,raw,B,common,usda_sr_legacy,169977,sr_legacy,2018-04,mapped,,source_mapped,,
vegetable-repollo-morado-cocido,Repollo morado cocido,vegetable,cruciferous,cooked,B,common,usda_sr_legacy,169978,sr_legacy,2018-04,mapped,,source_mapped,,
vegetable-repollo-de-bruselas-crudo,Repollo de Bruselas crudo,vegetable,cruciferous,raw,B,common,usda_sr_legacy,170383,sr_legacy,2018-04,mapped,,source_mapped,,
vegetable-repollo-de-bruselas-cocido,Repollo de Bruselas cocido,vegetable,cruciferous,cooked,B,common,usda_sr_legacy,169971,sr_legacy,2018-04,mapped,,source_mapped,,
vegetable-bok-choy-crudo,Bok choy crudo,vegetable,cruciferous,raw,B,common,usda_sr_legacy,170390,sr_legacy,2018-04,mapped,,source_mapped,,
vegetable-bok-choy-cocido,Bok choy cocido,vegetable,cruciferous,cooked,B,common,usda_sr_legacy,170391,sr_legacy,2018-04,mapped,,source_mapped,,
vegetable-colinabo-crudo,Colinabo crudo,vegetable,cruciferous,raw,C,specialized,usda_sr_legacy,168424,sr_legacy,2018-04,mapped,,source_mapped,,
vegetable-zanahoria-cruda,Zanahoria cruda,vegetable,roots,raw,A,essential,internal_seed,core-carrot-raw,core_natural_foods_es_cl,v1,mapped,,source_mapped,,
vegetable-zanahoria-cocida,Zanahoria cocida,vegetable,roots,cooked,B,common,usda_sr_legacy,170394,sr_legacy,2018-04,mapped,,source_mapped,,
vegetable-betarraga-cruda,Betarraga cruda,vegetable,roots,raw,B,common,usda_sr_legacy,169145,sr_legacy,2018-04,mapped,,source_mapped,,
vegetable-betarraga-cocida,Betarraga cocida,vegetable,roots,cooked,A,essential,usda_sr_legacy,169146,sr_legacy,2018-04,mapped,,source_mapped,,
vegetable-rabano-crudo,Rábano crudo,vegetable,roots,raw,B,common,usda_sr_legacy,169276,sr_legacy,2018-04,mapped,,source_mapped,,
vegetable-nabo-crudo,Nabo crudo,vegetable,roots,raw,B,common,usda_sr_legacy,170465,sr_legacy,2018-04,mapped,,source_mapped,,
vegetable-nabo-cocido,Nabo cocido,vegetable,roots,cooked,B,common,usda_sr_legacy,170058,sr_legacy,2018-04,mapped,,source_mapped,,
vegetable-apio-nabo-crudo,Apio nabo crudo,vegetable,roots,raw,B,common,usda_sr_legacy,170400,sr_legacy,2018-04,mapped,,source_mapped,,
vegetable-chirivia-cruda,Chirivía cruda,vegetable,roots,raw,B,common,usda_sr_legacy,170417,sr_legacy,2018-04,mapped,,source_mapped,,
vegetable-chirivia-cocida,Chirivía cocida,vegetable,roots,cooked,B,common,usda_sr_legacy,170009,sr_legacy,2018-04,mapped,,source_mapped,,
vegetable-papa-cruda-con-piel,Papa cruda con piel,vegetable,tubers,raw,B,common,usda_sr_legacy,170026,sr_legacy,2018-04,mapped,,source_mapped,,
vegetable-papa-cocida-sin-piel,Papa cocida sin piel,vegetable,tubers,cooked,A,essential,internal_seed,core-potato-boiled,core_natural_foods_es_cl,v1,mapped,,source_mapped,,
vegetable-papa-horneada-con-piel,Papa horneada con piel,vegetable,tubers,cooked,B,common,usda_sr_legacy,170435,sr_legacy,2018-04,mapped,,source_mapped,,
vegetable-camote-crudo,Camote crudo,vegetable,tubers,raw,B,common,usda_sr_legacy,168482,sr_legacy,2018-04,mapped,,source_mapped,,
vegetable-camote-cocido,Camote cocido,vegetable,tubers,cooked,A,essential,internal_seed,core-sweet-potato-cooked,core_natural_foods_es_cl,v1,mapped,,source_mapped,,
vegetable-yuca-cruda,Yuca cruda,vegetable,tubers,raw,B,common,usda_sr_legacy,169985,sr_legacy,2018-04,mapped,,source_mapped,,
vegetable-yuca-cocida,Yuca cocida,vegetable,tubers,cooked,B,common,usda_sr_legacy,,,,blocked,,deferred,,"Sin coincidencia USDA única para especie, preparación o forma; se difiere para evitar un mapeo aproximado."
vegetable-name-cocido,Ñame cocido,vegetable,tubers,cooked,C,specialized,usda_sr_legacy,170072,sr_legacy,2018-04,mapped,,source_mapped,,
vegetable-taro-cocido,Taro cocido,vegetable,tubers,cooked,C,specialized,usda_sr_legacy,168486,sr_legacy,2018-04,mapped,,source_mapped,,
vegetable-cebolla-cruda,Cebolla cruda,vegetable,bulbs,raw,A,essential,usda_sr_legacy,170000,sr_legacy,2018-04,mapped,,source_mapped,,
vegetable-cebolla-cocida,Cebolla cocida,vegetable,bulbs,cooked,B,common,usda_sr_legacy,170001,sr_legacy,2018-04,mapped,,source_mapped,,
vegetable-cebolla-morada-cruda,Cebolla morada cruda,vegetable,bulbs,raw,B,common,usda_sr_legacy,,,,blocked,,deferred,,"Sin coincidencia USDA única para especie, preparación o forma; se difiere para evitar un mapeo aproximado."
vegetable-cebollin-crudo,Cebollín crudo,vegetable,bulbs,raw,B,common,usda_sr_legacy,170005,sr_legacy,2018-04,mapped,,source_mapped,,
vegetable-puerro-crudo,Puerro crudo,vegetable,bulbs,raw,B,common,usda_sr_legacy,169246,sr_legacy,2018-04,mapped,,source_mapped,,
vegetable-puerro-cocido,Puerro cocido,vegetable,bulbs,cooked,B,common,usda_sr_legacy,168426,sr_legacy,2018-04,mapped,,source_mapped,,
vegetable-ajo-crudo,Ajo crudo,vegetable,bulbs,raw,A,essential,usda_sr_legacy,169230,sr_legacy,2018-04,mapped,,source_mapped,,
vegetable-hinojo-bulbo-crudo,Hinojo bulbo crudo,vegetable,bulbs,raw,B,common,usda_sr_legacy,169385,sr_legacy,2018-04,mapped,,source_mapped,,
vegetable-apio-crudo,Apio crudo,vegetable,stems,raw,A,essential,usda_sr_legacy,169988,sr_legacy,2018-04,mapped,,source_mapped,,
vegetable-esparrago-crudo,Espárrago crudo,vegetable,stems,raw,B,common,usda_sr_legacy,168389,sr_legacy,2018-04,mapped,,source_mapped,,
vegetable-esparrago-cocido,Espárrago cocido,vegetable,stems,cooked,B,common,usda_sr_legacy,168390,sr_legacy,2018-04,mapped,,source_mapped,,
vegetable-alcachofa-cocida,Alcachofa cocida,vegetable,stems,cooked,B,common,usda_sr_legacy,168386,sr_legacy,2018-04,mapped,,source_mapped,,
vegetable-palmito-crudo,Palmito crudo,vegetable,stems,raw,B,common,usda_sr_legacy,167714,sr_legacy,2018-04,mapped,,source_mapped,,
vegetable-tomate,Tomate,vegetable,fruit_vegetables,ready_to_eat,A,essential,internal_seed,core-tomato,core_natural_foods_es_cl,v1,mapped,,source_mapped,,
vegetable-tomate-cocido,Tomate cocido,vegetable,fruit_vegetables,cooked,B,common,usda_sr_legacy,170050,sr_legacy,2018-04,mapped,,source_mapped,,
vegetable-pimenton-rojo-crudo,Pimentón rojo crudo,vegetable,fruit_vegetables,raw,A,essential,usda_sr_legacy,170108,sr_legacy,2018-04,mapped,,source_mapped,,
vegetable-pimenton-verde-crudo,Pimentón verde crudo,vegetable,fruit_vegetables,raw,B,common,usda_sr_legacy,170427,sr_legacy,2018-04,mapped,,source_mapped,,
vegetable-pimenton-amarillo-crudo,Pimentón amarillo crudo,vegetable,fruit_vegetables,raw,B,common,usda_sr_legacy,169383,sr_legacy,2018-04,mapped,,source_mapped,,
vegetable-aji-verde-crudo,Ají verde crudo,vegetable,fruit_vegetables,raw,B,common,usda_sr_legacy,170497,sr_legacy,2018-04,mapped,,source_mapped,,
vegetable-pepino-con-piel-crudo,Pepino con piel crudo,vegetable,fruit_vegetables,raw,A,essential,usda_sr_legacy,168409,sr_legacy,2018-04,mapped,,source_mapped,,
vegetable-zapallo-italiano-crudo,Zapallo italiano crudo,vegetable,fruit_vegetables,raw,A,essential,usda_sr_legacy,169291,sr_legacy,2018-04,mapped,,source_mapped,,
vegetable-zapallo-italiano-cocido,Zapallo italiano cocido,vegetable,fruit_vegetables,cooked,B,common,usda_sr_legacy,169292,sr_legacy,2018-04,mapped,,source_mapped,,
vegetable-zapallo-camote-crudo,Zapallo camote crudo,vegetable,fruit_vegetables,raw,B,common,usda_sr_legacy,168448,sr_legacy,2018-04,mapped,,source_mapped,,
vegetable-zapallo-camote-cocido,Zapallo camote cocido,vegetable,fruit_vegetables,cooked,A,essential,usda_sr_legacy,168449,sr_legacy,2018-04,mapped,,source_mapped,,
vegetable-zapallo-butternut-crudo,Zapallo butternut crudo,vegetable,fruit_vegetables,raw,B,common,usda_sr_legacy,169295,sr_legacy,2018-04,mapped,,source_mapped,,
vegetable-zapallo-butternut-cocido,Zapallo butternut cocido,vegetable,fruit_vegetables,cooked,B,common,usda_sr_legacy,169296,sr_legacy,2018-04,mapped,,source_mapped,,
vegetable-berenjena-cruda,Berenjena cruda,vegetable,fruit_vegetables,raw,A,essential,usda_sr_legacy,169228,sr_legacy,2018-04,mapped,,source_mapped,,
vegetable-berenjena-cocida,Berenjena cocida,vegetable,fruit_vegetables,cooked,B,common,usda_sr_legacy,169229,sr_legacy,2018-04,mapped,,source_mapped,,
vegetable-choclo-amarillo-crudo,Choclo amarillo crudo,vegetable,fruit_vegetables,raw,B,common,usda_sr_legacy,169998,sr_legacy,2018-04,mapped,,source_mapped,,
vegetable-choclo-amarillo-cocido,Choclo amarillo cocido,vegetable,fruit_vegetables,cooked,A,essential,usda_sr_legacy,169999,sr_legacy,2018-04,mapped,,source_mapped,,
vegetable-okra-cruda,Okra cruda,vegetable,fruit_vegetables,raw,C,specialized,usda_sr_legacy,169260,sr_legacy,2018-04,mapped,,source_mapped,,
vegetable-champinon-blanco-crudo,Champiñón blanco crudo,vegetable,mushrooms,raw,A,essential,usda_sr_legacy,169251,sr_legacy,2018-04,mapped,,source_mapped,,
vegetable-champinon-blanco-cocido,Champiñón blanco cocido,vegetable,mushrooms,cooked,B,common,usda_sr_legacy,169252,sr_legacy,2018-04,mapped,,source_mapped,,
vegetable-champinon-crimini-crudo,Champiñón crimini crudo,vegetable,mushrooms,raw,B,common,usda_sr_legacy,168434,sr_legacy,2018-04,mapped,,source_mapped,,
vegetable-champinon-portobello-cocido,Champiñón portobello cocido,vegetable,mushrooms,cooked,B,common,usda_sr_legacy,,,,blocked,,deferred,,"Sin coincidencia USDA única para especie, preparación o forma; se difiere para evitar un mapeo aproximado."
vegetable-hongo-shiitake-crudo,Hongo shiitake crudo,vegetable,mushrooms,raw,B,common,usda_sr_legacy,169242,sr_legacy,2018-04,mapped,,source_mapped,,
vegetable-hongo-shiitake-seco,Hongo shiitake seco,vegetable,mushrooms,dry,B,common,usda_sr_legacy,168436,sr_legacy,2018-04,mapped,,source_mapped,,
vegetable-hongo-ostra-crudo,Hongo ostra crudo,vegetable,mushrooms,raw,B,common,usda_sr_legacy,168580,sr_legacy,2018-04,mapped,,source_mapped,,
vegetable-hongo-morchella-crudo,Hongo morchella crudo,vegetable,mushrooms,raw,C,specialized,usda_sr_legacy,168423,sr_legacy,2018-04,mapped,,source_mapped,,
vegetable-alga-nori-seca,Alga nori seca,vegetable,sea_vegetables,dry,B,common,usda_sr_legacy,,,,blocked,,deferred,,"Sin coincidencia USDA única para especie, preparación o forma; se difiere para evitar un mapeo aproximado."
vegetable-alga-kelp-cruda,Alga kelp cruda,vegetable,sea_vegetables,raw,C,specialized,usda_sr_legacy,168457,sr_legacy,2018-04,mapped,,source_mapped,,
vegetable-alga-wakame-seca,Alga wakame seca,vegetable,sea_vegetables,dry,C,specialized,usda_sr_legacy,,,,blocked,,deferred,,"Sin coincidencia USDA única para especie, preparación o forma; se difiere para evitar un mapeo aproximado."
fruit-manzana,Manzana,fruit,pome,ready_to_eat,A,essential,internal_seed,core-apple,core_natural_foods_es_cl,v1,mapped,,source_mapped,,
fruit-manzana-con-piel-cruda,Manzana con piel cruda,fruit,pome,raw,B,common,usda_sr_legacy,171688,sr_legacy,2018-04,mapped,,source_mapped,,
fruit-pera-cruda,Pera cruda,fruit,pome,raw,A,essential,usda_sr_legacy,169118,sr_legacy,2018-04,mapped,,source_mapped,,
fruit-membrillo-crudo,Membrillo crudo,fruit,pome,raw,B,common,usda_sr_legacy,168163,sr_legacy,2018-04,mapped,,source_mapped,,
fruit-platano,Plátano,fruit,tropical,ready_to_eat,A,essential,internal_seed,core-banana,core_natural_foods_es_cl,v1,mapped,,source_mapped,,
fruit-palta,Palta,fruit,tropical,ready_to_eat,A,essential,internal_seed,core-avocado,core_natural_foods_es_cl,v1,mapped,,source_mapped,,
fruit-pina-cruda,Piña cruda,fruit,tropical,raw,A,essential,usda_sr_legacy,169124,sr_legacy,2018-04,mapped,,source_mapped,,
fruit-mango-crudo,Mango crudo,fruit,tropical,raw,A,essential,usda_sr_legacy,169910,sr_legacy,2018-04,mapped,,source_mapped,,
fruit-papaya-cruda,Papaya cruda,fruit,tropical,raw,B,common,usda_sr_legacy,169926,sr_legacy,2018-04,mapped,,source_mapped,,
fruit-guayaba-cruda,Guayaba cruda,fruit,tropical,raw,B,common,usda_sr_legacy,173044,sr_legacy,2018-04,mapped,,source_mapped,,
fruit-maracuya-cruda,Maracuyá cruda,fruit,tropical,raw,B,common,usda_sr_legacy,169108,sr_legacy,2018-04,mapped,,source_mapped,,
fruit-kiwi-verde-crudo,Kiwi verde crudo,fruit,tropical,raw,A,essential,usda_sr_legacy,168153,sr_legacy,2018-04,mapped,,source_mapped,,
fruit-kiwi-amarillo-crudo,Kiwi amarillo crudo,fruit,tropical,raw,B,common,usda_sr_legacy,,,,blocked,,deferred,,"Sin coincidencia USDA única para especie, preparación o forma; se difiere para evitar un mapeo aproximado."
fruit-granada-cruda,Granada cruda,fruit,tropical,raw,B,common,usda_sr_legacy,169134,sr_legacy,2018-04,mapped,,source_mapped,,
fruit-caqui-crudo,Caqui crudo,fruit,tropical,raw,B,common,usda_sr_legacy,169941,sr_legacy,2018-04,mapped,,source_mapped,,
fruit-coco-fresco,Coco fresco,fruit,tropical,raw,B,common,usda_sr_legacy,,,,blocked,,deferred,,"Sin coincidencia USDA única para especie, preparación o forma; se difiere para evitar un mapeo aproximado."
fruit-higo-fresco,Higo fresco,fruit,tropical,raw,B,common,usda_sr_legacy,173021,sr_legacy,2018-04,mapped,,source_mapped,,
fruit-chirimoya-cruda,Chirimoya cruda,fruit,tropical,raw,B,common,usda_sr_legacy,173953,sr_legacy,2018-04,mapped,,source_mapped,,
fruit-lucuma-cruda,Lúcuma cruda,fruit,tropical,raw,B,common,manual_evidence,,,,blocked,,deferred,,Requiere evidencia nutricional chilena independiente; no existe equivalencia USDA segura.
fruit-carambola-cruda,Carambola cruda,fruit,tropical,raw,C,specialized,usda_sr_legacy,171715,sr_legacy,2018-04,mapped,,source_mapped,,
fruit-pitahaya-cruda,Pitahaya cruda,fruit,tropical,raw,C,specialized,usda_sr_legacy,,,,blocked,,deferred,,"Sin coincidencia USDA única para especie, preparación o forma; se difiere para evitar un mapeo aproximado."
fruit-naranja-cruda,Naranja cruda,fruit,citrus,raw,A,essential,usda_sr_legacy,169097,sr_legacy,2018-04,mapped,,source_mapped,,
fruit-mandarina-cruda,Mandarina cruda,fruit,citrus,raw,A,essential,usda_sr_legacy,169105,sr_legacy,2018-04,mapped,,source_mapped,,
fruit-clementina-cruda,Clementina cruda,fruit,citrus,raw,B,common,usda_sr_legacy,168195,sr_legacy,2018-04,mapped,,source_mapped,,
fruit-limon-crudo,Limón crudo,fruit,citrus,raw,A,essential,usda_sr_legacy,167746,sr_legacy,2018-04,mapped,,source_mapped,,
fruit-lima-cruda,Lima cruda,fruit,citrus,raw,B,common,usda_sr_legacy,168155,sr_legacy,2018-04,mapped,,source_mapped,,
fruit-pomelo-crudo,Pomelo crudo,fruit,citrus,raw,B,common,usda_sr_legacy,173034,sr_legacy,2018-04,mapped,,source_mapped,,
fruit-frutilla-cruda,Frutilla cruda,fruit,berries,raw,A,essential,usda_sr_legacy,167762,sr_legacy,2018-04,mapped,,source_mapped,,
fruit-arandanos,Arándanos,fruit,berries,ready_to_eat,A,essential,internal_seed,core-blueberries,core_natural_foods_es_cl,v1,mapped,,source_mapped,,
fruit-frambuesa-cruda,Frambuesa cruda,fruit,berries,raw,A,essential,usda_sr_legacy,167755,sr_legacy,2018-04,mapped,,source_mapped,,
fruit-mora-cruda,Mora cruda,fruit,berries,raw,A,essential,usda_sr_legacy,173946,sr_legacy,2018-04,mapped,,source_mapped,,
fruit-grosella-roja-cruda,Grosella roja cruda,fruit,berries,raw,B,common,usda_sr_legacy,173964,sr_legacy,2018-04,mapped,,source_mapped,,
fruit-grosella-negra-cruda,Grosella negra cruda,fruit,berries,raw,C,specialized,usda_sr_legacy,,,,blocked,,deferred,,"Sin coincidencia USDA única para especie, preparación o forma; se difiere para evitar un mapeo aproximado."
fruit-cranberry-crudo,Cranberry crudo,fruit,berries,raw,C,specialized,usda_sr_legacy,171722,sr_legacy,2018-04,mapped,,source_mapped,,
fruit-maqui-fresco,Maqui fresco,fruit,berries,raw,C,specialized,manual_evidence,,,,blocked,,deferred,,Requiere evidencia nutricional chilena independiente; no existe equivalencia USDA segura.
fruit-murta-fresca,Murta fresca,fruit,berries,raw,C,specialized,manual_evidence,,,,blocked,,deferred,,Requiere evidencia nutricional chilena independiente; no existe equivalencia USDA segura.
fruit-durazno-crudo,Durazno crudo,fruit,stone,raw,A,essential,usda_sr_legacy,169928,sr_legacy,2018-04,mapped,,source_mapped,,
fruit-nectarina-cruda,Nectarina cruda,fruit,stone,raw,B,common,usda_sr_legacy,169914,sr_legacy,2018-04,mapped,,source_mapped,,
fruit-ciruela-cruda,Ciruela cruda,fruit,stone,raw,A,essential,usda_sr_legacy,169949,sr_legacy,2018-04,mapped,,source_mapped,,
fruit-damasco-crudo,Damasco crudo,fruit,stone,raw,B,common,usda_sr_legacy,171697,sr_legacy,2018-04,mapped,,source_mapped,,
fruit-cereza-cruda,Cereza cruda,fruit,stone,raw,A,essential,usda_sr_legacy,171719,sr_legacy,2018-04,mapped,,source_mapped,,
fruit-guinda-cruda,Guinda cruda,fruit,stone,raw,B,common,usda_sr_legacy,173954,sr_legacy,2018-04,mapped,,source_mapped,,
fruit-aceituna-madura,Aceituna madura,fruit,stone,ready_to_eat,B,common,usda_sr_legacy,,,,blocked,,deferred,,"Sin coincidencia USDA única para especie, preparación o forma; se difiere para evitar un mapeo aproximado."
fruit-uva-roja-cruda,Uva roja cruda,fruit,grapes,raw,A,essential,usda_sr_legacy,,,,blocked,,deferred,,"Sin coincidencia USDA única para especie, preparación o forma; se difiere para evitar un mapeo aproximado."
fruit-uva-verde-cruda,Uva verde cruda,fruit,grapes,raw,B,common,usda_sr_legacy,,,,blocked,,deferred,,"Sin coincidencia USDA única para especie, preparación o forma; se difiere para evitar un mapeo aproximado."
fruit-sandia-cruda,Sandía cruda,fruit,melons,raw,A,essential,usda_sr_legacy,167765,sr_legacy,2018-04,mapped,,source_mapped,,
fruit-melon-calameno-crudo,Melón calameño crudo,fruit,melons,raw,A,essential,usda_sr_legacy,169092,sr_legacy,2018-04,mapped,,source_mapped,,
fruit-melon-tuna-crudo,Melón tuna crudo,fruit,melons,raw,B,common,usda_sr_legacy,169911,sr_legacy,2018-04,mapped,,source_mapped,,
fruit-pasas,Pasas,fruit,dried,dry,B,common,usda_sr_legacy,,,,blocked,,deferred,,"Sin coincidencia USDA única para especie, preparación o forma; se difiere para evitar un mapeo aproximado."
fruit-ciruela-seca,Ciruela seca,fruit,dried,dry,B,common,usda_sr_legacy,168162,sr_legacy,2018-04,mapped,,source_mapped,,
fruit-damasco-seco,Damasco seco,fruit,dried,dry,B,common,usda_sr_legacy,173941,sr_legacy,2018-04,mapped,,source_mapped,,
fruit-higo-seco,Higo seco,fruit,dried,dry,B,common,usda_sr_legacy,174665,sr_legacy,2018-04,mapped,,source_mapped,,
fruit-datil-seco,Dátil seco,fruit,dried,dry,B,common,usda_sr_legacy,168191,sr_legacy,2018-04,mapped,,source_mapped,,
legume-lentejas-secas,Lentejas secas,legume,lentils,dry,A,essential,usda_sr_legacy,172420,sr_legacy,2018-04,mapped,,source_mapped,,
legume-lentejas-cocidas,Lentejas cocidas,legume,lentils,cooked,A,essential,internal_seed,core-lentils-cooked,core_natural_foods_es_cl,v1,mapped,,source_mapped,,
legume-lenteja-roja-seca,Lenteja roja seca,legume,lentils,dry,B,common,usda_sr_legacy,174284,sr_legacy,2018-04,mapped,,source_mapped,,
legume-lenteja-roja-cocida,Lenteja roja cocida,legume,lentils,cooked,B,common,usda_sr_legacy,,,,blocked,,deferred,,"Sin coincidencia USDA única para especie, preparación o forma; se difiere para evitar un mapeo aproximado."
legume-garbanzos-secos,Garbanzos secos,legume,chickpeas,dry,A,essential,usda_sr_legacy,173756,sr_legacy,2018-04,mapped,,source_mapped,,
legume-garbanzos-cocidos,Garbanzos cocidos,legume,chickpeas,cooked,A,essential,internal_seed,core-chickpeas-cooked,core_natural_foods_es_cl,v1,mapped,,source_mapped,,
legume-porotos-negros-secos,Porotos negros secos,legume,beans,dry,B,common,usda_sr_legacy,173734,sr_legacy,2018-04,mapped,,source_mapped,,
legume-porotos-negros-cocidos,Porotos negros cocidos,legume,beans,cooked,A,essential,internal_seed,core-black-beans-cooked,core_natural_foods_es_cl,v1,mapped,,source_mapped,,
legume-porotos-blancos-secos,Porotos blancos secos,legume,beans,dry,B,common,usda_sr_legacy,173745,sr_legacy,2018-04,mapped,,source_mapped,,
legume-porotos-blancos-cocidos,Porotos blancos cocidos,legume,beans,cooked,A,essential,usda_sr_legacy,173746,sr_legacy,2018-04,mapped,,source_mapped,,
legume-porotos-rojos-secos,Porotos rojos secos,legume,beans,dry,B,common,usda_sr_legacy,173744,sr_legacy,2018-04,mapped,,source_mapped,,
legume-porotos-rojos-cocidos,Porotos rojos cocidos,legume,beans,cooked,B,common,usda_sr_legacy,175194,sr_legacy,2018-04,mapped,,source_mapped,,
legume-porotos-pintos-secos,Porotos pintos secos,legume,beans,dry,B,common,usda_sr_legacy,175199,sr_legacy,2018-04,mapped,,source_mapped,,
legume-porotos-pintos-cocidos,Porotos pintos cocidos,legume,beans,cooked,A,essential,usda_sr_legacy,175200,sr_legacy,2018-04,mapped,,source_mapped,,
legume-porotos-cranberry-secos,Porotos cranberry secos,legume,beans,dry,B,common,usda_sr_legacy,175189,sr_legacy,2018-04,mapped,,source_mapped,,
legume-porotos-cranberry-cocidos,Porotos cranberry cocidos,legume,beans,cooked,B,common,usda_sr_legacy,173736,sr_legacy,2018-04,mapped,,source_mapped,,
legume-porotos-adzuki-secos,Porotos adzuki secos,legume,beans,dry,C,specialized,usda_sr_legacy,173727,sr_legacy,2018-04,mapped,,source_mapped,,
legume-porotos-adzuki-cocidos,Porotos adzuki cocidos,legume,beans,cooked,C,specialized,usda_sr_legacy,173728,sr_legacy,2018-04,mapped,,source_mapped,,
legume-porotos-mung-secos,Porotos mung secos,legume,beans,dry,B,common,usda_sr_legacy,174256,sr_legacy,2018-04,mapped,,source_mapped,,
legume-porotos-mung-cocidos,Porotos mung cocidos,legume,beans,cooked,B,common,usda_sr_legacy,174257,sr_legacy,2018-04,mapped,,source_mapped,,
legume-arvejas-partidas-secas,Arvejas partidas secas,legume,peas,dry,B,common,usda_sr_legacy,,,,blocked,,deferred,,"Sin coincidencia USDA única para especie, preparación o forma; se difiere para evitar un mapeo aproximado."
legume-arvejas-partidas-cocidas,Arvejas partidas cocidas,legume,peas,cooked,B,common,usda_sr_legacy,172429,sr_legacy,2018-04,mapped,,source_mapped,,
legume-arvejas-verdes-crudas,Arvejas verdes crudas,legume,peas,raw,B,common,usda_sr_legacy,,,,blocked,,deferred,,"Sin coincidencia USDA única para especie, preparación o forma; se difiere para evitar un mapeo aproximado."
legume-arvejas-verdes-cocidas,Arvejas verdes cocidas,legume,peas,cooked,A,essential,usda_sr_legacy,170420,sr_legacy,2018-04,mapped,,source_mapped,,
legume-arvejas-de-ojo-negro-secas,Arvejas de ojo negro secas,legume,peas,dry,B,common,usda_sr_legacy,173758,sr_legacy,2018-04,mapped,,source_mapped,,
legume-arvejas-de-ojo-negro-cocidas,Arvejas de ojo negro cocidas,legume,peas,cooked,B,common,usda_sr_legacy,173759,sr_legacy,2018-04,mapped,,source_mapped,,
legume-soya-seca,Soya seca,legume,soy,dry,B,common,usda_sr_legacy,174270,sr_legacy,2018-04,mapped,,source_mapped,,
legume-soya-cocida,Soya cocida,legume,soy,cooked,B,common,usda_sr_legacy,174271,sr_legacy,2018-04,mapped,,source_mapped,,
legume-edamame-cocido,Edamame cocido,legume,soy,cooked,B,common,usda_sr_legacy,,,,blocked,,deferred,,"Sin coincidencia USDA única para especie, preparación o forma; se difiere para evitar un mapeo aproximado."
legume-brotes-de-soya-crudos,Brotes de soya crudos,legume,soy,raw,B,common,usda_sr_legacy,,,,blocked,,deferred,,"Sin coincidencia USDA única para especie, preparación o forma; se difiere para evitar un mapeo aproximado."
legume-tofu-firme,Tofu firme,legume,soy,ready_to_eat,B,common,usda_sr_legacy,172448,sr_legacy,2018-04,mapped,,source_mapped,,
legume-tofu-blando,Tofu blando,legume,soy,ready_to_eat,B,common,usda_sr_legacy,172449,sr_legacy,2018-04,mapped,,source_mapped,,
legume-tempeh-cocido,Tempeh cocido,legume,soy,cooked,B,common,usda_sr_legacy,172467,sr_legacy,2018-04,mapped,,source_mapped,,
legume-habas-crudas,Habas crudas,legume,fava,raw,B,common,usda_sr_legacy,175205,sr_legacy,2018-04,mapped,,source_mapped,,
legume-habas-cocidas,Habas cocidas,legume,fava,cooked,A,essential,usda_sr_legacy,170378,sr_legacy,2018-04,mapped,,source_mapped,,
legume-lupino-cocido,Lupino cocido,legume,lupin,cooked,C,specialized,usda_sr_legacy,172424,sr_legacy,2018-04,mapped,,source_mapped,,
dairy-leche-entera,Leche entera,dairy,milk,ready_to_eat,A,essential,usda_sr_legacy,172217,sr_legacy,2018-04,mapped,,source_mapped,,
dairy-leche-semidescremada,Leche semidescremada,dairy,milk,ready_to_eat,A,essential,usda_sr_legacy,172205,sr_legacy,2018-04,mapped,,source_mapped,,
dairy-leche-descremada,Leche descremada,dairy,milk,ready_to_eat,A,essential,internal_seed,core-milk-skim,core_natural_foods_es_cl,v1,mapped,,source_mapped,,
dairy-leche-entera-en-polvo,Leche entera en polvo,dairy,milk,dry,B,common,usda_sr_legacy,,,,blocked,,deferred,,"Sin coincidencia USDA única para especie, preparación o forma; se difiere para evitar un mapeo aproximado."
dairy-leche-descremada-en-polvo,Leche descremada en polvo,dairy,milk,dry,B,common,usda_sr_legacy,,,,blocked,,deferred,,"Sin coincidencia USDA única para especie, preparación o forma; se difiere para evitar un mapeo aproximado."
dairy-leche-evaporada-entera,Leche evaporada entera,dairy,milk,ready_to_eat,B,common,usda_sr_legacy,,,,blocked,,deferred,,"Sin coincidencia USDA única para especie, preparación o forma; se difiere para evitar un mapeo aproximado."
dairy-yogur-natural-entero-sin-azucar,Yogur natural entero sin azúcar,dairy,yogurt,ready_to_eat,A,essential,usda_sr_legacy,171284,sr_legacy,2018-04,mapped,,source_mapped,,
dairy-yogur-natural-descremado-sin-azucar,Yogur natural descremado sin azúcar,dairy,yogurt,ready_to_eat,B,common,usda_sr_legacy,170887,sr_legacy,2018-04,mapped,,source_mapped,,
dairy-yogur-griego-natural-sin-azucar,Yogur griego natural sin azúcar,dairy,yogurt,ready_to_eat,A,essential,internal_seed,core-greek-yogurt-plain,core_natural_foods_es_cl,v1,mapped,,source_mapped,,
dairy-kefir-natural,Kéfir natural,dairy,fermented,ready_to_eat,B,common,usda_sr_legacy,,,,blocked,,deferred,,"Sin coincidencia USDA única para especie, preparación o forma; se difiere para evitar un mapeo aproximado."
dairy-leche-cultivada-natural,Leche cultivada natural,dairy,fermented,ready_to_eat,B,common,manual_evidence,,,,blocked,,deferred,,Requiere evidencia nutricional chilena independiente; no existe equivalencia USDA segura.
dairy-quesillo,Quesillo,dairy,fresh_cheese,ready_to_eat,A,essential,manual_evidence,,,,blocked,,deferred,,Requiere evidencia nutricional chilena independiente; no existe equivalencia USDA segura.
dairy-queso-fresco,Queso fresco,dairy,fresh_cheese,ready_to_eat,A,essential,usda_sr_legacy,,,,blocked,,deferred,,"Sin coincidencia USDA única para especie, preparación o forma; se difiere para evitar un mapeo aproximado."
dairy-ricotta-entera,Ricotta entera,dairy,fresh_cheese,ready_to_eat,B,common,usda_sr_legacy,170851,sr_legacy,2018-04,mapped,,source_mapped,,
dairy-requeson-bajo-en-grasa,Requesón bajo en grasa,dairy,fresh_cheese,ready_to_eat,B,common,usda_sr_legacy,173417,sr_legacy,2018-04,mapped,,source_mapped,,
dairy-mozzarella-fresca,Mozzarella fresca,dairy,fresh_cheese,ready_to_eat,B,common,usda_sr_legacy,170845,sr_legacy,2018-04,mapped,,source_mapped,,
dairy-queso-chanco,Queso chanco,dairy,aged_cheese,ready_to_eat,A,essential,manual_evidence,,,,blocked,,deferred,,Requiere evidencia nutricional chilena independiente; no existe equivalencia USDA segura.
dairy-queso-gauda,Queso gauda,dairy,aged_cheese,ready_to_eat,A,essential,usda_sr_legacy,171241,sr_legacy,2018-04,mapped,,source_mapped,,
dairy-queso-cheddar,Queso cheddar,dairy,aged_cheese,ready_to_eat,B,common,usda_sr_legacy,173414,sr_legacy,2018-04,mapped,,source_mapped,,
dairy-queso-parmesano,Queso parmesano,dairy,aged_cheese,ready_to_eat,B,common,usda_sr_legacy,170848,sr_legacy,2018-04,mapped,,source_mapped,,
dairy-queso-suizo,Queso suizo,dairy,aged_cheese,ready_to_eat,B,common,usda_sr_legacy,171251,sr_legacy,2018-04,mapped,,source_mapped,,
dairy-queso-azul,Queso azul,dairy,aged_cheese,ready_to_eat,B,common,usda_sr_legacy,172175,sr_legacy,2018-04,mapped,,source_mapped,,
dairy-queso-de-cabra-semiduro,Queso de cabra semiduro,dairy,aged_cheese,ready_to_eat,B,common,usda_sr_legacy,173433,sr_legacy,2018-04,mapped,,source_mapped,,
dairy-mantequilla-sin-sal,Mantequilla sin sal,dairy,butter,ready_to_eat,A,essential,usda_sr_legacy,173430,sr_legacy,2018-04,mapped,,source_mapped,,
dairy-mantequilla-con-sal,Mantequilla con sal,dairy,butter,ready_to_eat,B,common,usda_sr_legacy,173410,sr_legacy,2018-04,mapped,,source_mapped,,
dairy-crema-de-leche,Crema de leche,dairy,cream,ready_to_eat,B,common,usda_sr_legacy,170859,sr_legacy,2018-04,mapped,,source_mapped,,
dairy-crema-acida,Crema ácida,dairy,cream,ready_to_eat,B,common,usda_sr_legacy,171257,sr_legacy,2018-04,mapped,,source_mapped,,
dairy-suero-de-leche-liquido,Suero de leche líquido,dairy,whey,ready_to_eat,C,specialized,usda_sr_legacy,,,,blocked,,deferred,,"Sin coincidencia USDA única para especie, preparación o forma; se difiere para evitar un mapeo aproximado."
dairy-proteina-de-suero-sin-sabor,Proteína de suero sin sabor,dairy,whey,dry,C,specialized,usda_sr_legacy,,,,blocked,,deferred,,"Sin coincidencia USDA única para especie, preparación o forma; se difiere para evitar un mapeo aproximado."
meat-seafood-pechuga-de-pollo-cruda-sin-piel,Pechuga de pollo cruda sin piel,meat_seafood,poultry,raw,A,essential,usda_sr_legacy,171077,sr_legacy,2018-04,mapped,,source_mapped,,
meat-seafood-pechuga-de-pollo-cocida,Pechuga de pollo cocida,meat_seafood,poultry,cooked,A,essential,internal_seed,core-chicken-breast-cooked,core_natural_foods_es_cl,v1,mapped,,source_mapped,,
meat-seafood-trutro-de-pollo-crudo-con-piel,Trutro de pollo crudo con piel,meat_seafood,poultry,raw,A,essential,usda_sr_legacy,172385,sr_legacy,2018-04,mapped,,source_mapped,,
meat-seafood-trutro-de-pollo-cocido-con-piel,Trutro de pollo cocido con piel,meat_seafood,poultry,cooked,B,common,usda_sr_legacy,173626,sr_legacy,2018-04,mapped,,source_mapped,,
meat-seafood-trutro-de-pollo-crudo-sin-piel,Trutro de pollo crudo sin piel,meat_seafood,poultry,raw,B,common,usda_sr_legacy,,,,blocked,,deferred,,"Sin coincidencia USDA única para especie, preparación o forma; se difiere para evitar un mapeo aproximado."
meat-seafood-ala-de-pollo-cruda-con-piel,Ala de pollo cruda con piel,meat_seafood,poultry,raw,B,common,usda_sr_legacy,172390,sr_legacy,2018-04,mapped,,source_mapped,,
meat-seafood-pollo-entero-crudo-con-piel,Pollo entero crudo con piel,meat_seafood,poultry,raw,B,common,usda_sr_legacy,171447,sr_legacy,2018-04,mapped,,source_mapped,,
meat-seafood-pollo-molido-crudo,Pollo molido crudo,meat_seafood,poultry,raw,B,common,usda_sr_legacy,171116,sr_legacy,2018-04,mapped,,source_mapped,,
meat-seafood-pechuga-de-pavo-cruda-sin-piel,Pechuga de pavo cruda sin piel,meat_seafood,poultry,raw,B,common,usda_sr_legacy,,,,blocked,,deferred,,"Sin coincidencia USDA única para especie, preparación o forma; se difiere para evitar un mapeo aproximado."
meat-seafood-pechuga-de-pavo-cocida,Pechuga de pavo cocida,meat_seafood,poultry,cooked,A,essential,internal_seed,core-turkey-breast-cooked,core_natural_foods_es_cl,v1,mapped,,source_mapped,,
meat-seafood-trutro-de-pavo-crudo-con-piel,Trutro de pavo crudo con piel,meat_seafood,poultry,raw,B,common,usda_sr_legacy,,,,blocked,,deferred,,"Sin coincidencia USDA única para especie, preparación o forma; se difiere para evitar un mapeo aproximado."
meat-seafood-pavo-molido-crudo,Pavo molido crudo,meat_seafood,poultry,raw,B,common,usda_sr_legacy,171505,sr_legacy,2018-04,mapped,,source_mapped,,
meat-seafood-pato-crudo-con-piel,Pato crudo con piel,meat_seafood,poultry,raw,C,specialized,usda_sr_legacy,172408,sr_legacy,2018-04,mapped,,source_mapped,,
meat-seafood-carne-molida-de-vacuno-magra-cruda,Carne molida de vacuno magra cruda,meat_seafood,beef,raw,A,essential,usda_sr_legacy,174030,sr_legacy,2018-04,mapped,,source_mapped,,
meat-seafood-carne-molida-de-vacuno-regular-cruda,Carne molida de vacuno regular cruda,meat_seafood,beef,raw,B,common,usda_sr_legacy,,,,blocked,,deferred,,"Sin coincidencia USDA única para especie, preparación o forma; se difiere para evitar un mapeo aproximado."
meat-seafood-carne-magra-cocida,Carne magra cocida,meat_seafood,beef,cooked,A,essential,internal_seed,core-beef-lean-cooked,core_natural_foods_es_cl,v1,mapped,,source_mapped,,
meat-seafood-lomo-liso-de-vacuno-crudo,Lomo liso de vacuno crudo,meat_seafood,beef,raw,A,essential,manual_evidence,,,,blocked,,deferred,,Requiere evidencia nutricional chilena independiente; no existe equivalencia USDA segura.
meat-seafood-lomo-vetado-de-vacuno-crudo,Lomo vetado de vacuno crudo,meat_seafood,beef,raw,B,common,manual_evidence,,,,blocked,,deferred,,Requiere evidencia nutricional chilena independiente; no existe equivalencia USDA segura.
meat-seafood-filete-de-vacuno-crudo,Filete de vacuno crudo,meat_seafood,beef,raw,B,common,usda_sr_legacy,,,,blocked,,deferred,,"Sin coincidencia USDA única para especie, preparación o forma; se difiere para evitar un mapeo aproximado."
meat-seafood-asiento-de-vacuno-crudo,Asiento de vacuno crudo,meat_seafood,beef,raw,B,common,manual_evidence,,,,blocked,,deferred,,Requiere evidencia nutricional chilena independiente; no existe equivalencia USDA segura.
meat-seafood-posta-negra-de-vacuno-cruda,Posta negra de vacuno cruda,meat_seafood,beef,raw,A,essential,manual_evidence,,,,blocked,,deferred,,Requiere evidencia nutricional chilena independiente; no existe equivalencia USDA segura.
meat-seafood-posta-rosada-de-vacuno-cruda,Posta rosada de vacuno cruda,meat_seafood,beef,raw,B,common,manual_evidence,,,,blocked,,deferred,,Requiere evidencia nutricional chilena independiente; no existe equivalencia USDA segura.
meat-seafood-tapapecho-de-vacuno-crudo,Tapapecho de vacuno crudo,meat_seafood,beef,raw,B,common,manual_evidence,,,,blocked,,deferred,,Requiere evidencia nutricional chilena independiente; no existe equivalencia USDA segura.
meat-seafood-plateada-de-vacuno-cruda,Plateada de vacuno cruda,meat_seafood,beef,raw,B,common,manual_evidence,,,,blocked,,deferred,,Requiere evidencia nutricional chilena independiente; no existe equivalencia USDA segura.
meat-seafood-osobuco-de-vacuno-crudo,Osobuco de vacuno crudo,meat_seafood,beef,raw,B,common,usda_sr_legacy,,,,blocked,,deferred,,"Sin coincidencia USDA única para especie, preparación o forma; se difiere para evitar un mapeo aproximado."
meat-seafood-costilla-de-vacuno-cruda,Costilla de vacuno cruda,meat_seafood,beef,raw,B,common,usda_sr_legacy,,,,blocked,,deferred,,"Sin coincidencia USDA única para especie, preparación o forma; se difiere para evitar un mapeo aproximado."
meat-seafood-lomo-de-cerdo-crudo,Lomo de cerdo crudo,meat_seafood,pork,raw,A,essential,usda_sr_legacy,167818,sr_legacy,2018-04,mapped,,source_mapped,,
meat-seafood-solomillo-de-cerdo-crudo,Solomillo de cerdo crudo,meat_seafood,pork,raw,B,common,usda_sr_legacy,,,,blocked,,deferred,,"Sin coincidencia USDA única para especie, preparación o forma; se difiere para evitar un mapeo aproximado."
meat-seafood-chuleta-de-cerdo-cruda,Chuleta de cerdo cruda,meat_seafood,pork,raw,A,essential,usda_sr_legacy,,,,blocked,,deferred,,"Sin coincidencia USDA única para especie, preparación o forma; se difiere para evitar un mapeo aproximado."
meat-seafood-costilla-de-cerdo-cruda,Costilla de cerdo cruda,meat_seafood,pork,raw,B,common,usda_sr_legacy,167853,sr_legacy,2018-04,mapped,,source_mapped,,
meat-seafood-paleta-de-cerdo-cruda,Paleta de cerdo cruda,meat_seafood,pork,raw,B,common,usda_sr_legacy,167843,sr_legacy,2018-04,mapped,,source_mapped,,
meat-seafood-pernil-de-cerdo-crudo,Pernil de cerdo crudo,meat_seafood,pork,raw,B,common,usda_sr_legacy,168222,sr_legacy,2018-04,mapped,,source_mapped,,
meat-seafood-panceta-de-cerdo-cruda,Panceta de cerdo cruda,meat_seafood,pork,raw,B,common,usda_sr_legacy,167812,sr_legacy,2018-04,mapped,,source_mapped,,
meat-seafood-cerdo-molido-crudo,Cerdo molido crudo,meat_seafood,pork,raw,B,common,usda_sr_legacy,,,,blocked,,deferred,,"Sin coincidencia USDA única para especie, preparación o forma; se difiere para evitar un mapeo aproximado."
meat-seafood-pierna-de-cordero-cruda,Pierna de cordero cruda,meat_seafood,lamb,raw,B,common,usda_sr_legacy,,,,blocked,,deferred,,"Sin coincidencia USDA única para especie, preparación o forma; se difiere para evitar un mapeo aproximado."
meat-seafood-chuleta-de-cordero-cruda,Chuleta de cordero cruda,meat_seafood,lamb,raw,B,common,usda_sr_legacy,,,,blocked,,deferred,,"Sin coincidencia USDA única para especie, preparación o forma; se difiere para evitar un mapeo aproximado."
meat-seafood-paleta-de-cordero-cruda,Paleta de cordero cruda,meat_seafood,lamb,raw,B,common,usda_sr_legacy,,,,blocked,,deferred,,"Sin coincidencia USDA única para especie, preparación o forma; se difiere para evitar un mapeo aproximado."
meat-seafood-cordero-molido-crudo,Cordero molido crudo,meat_seafood,lamb,raw,C,specialized,usda_sr_legacy,174370,sr_legacy,2018-04,mapped,,source_mapped,,
meat-seafood-carne-de-cabra-cruda,Carne de cabra cruda,meat_seafood,goat,raw,C,specialized,usda_sr_legacy,175303,sr_legacy,2018-04,mapped,,source_mapped,,
meat-seafood-carne-de-conejo-cruda,Carne de conejo cruda,meat_seafood,game,raw,C,specialized,usda_sr_legacy,172521,sr_legacy,2018-04,mapped,,source_mapped,,
meat-seafood-higado-de-pollo-crudo,Hígado de pollo crudo,meat_seafood,organ_meats,raw,B,common,usda_sr_legacy,171060,sr_legacy,2018-04,mapped,,source_mapped,,
meat-seafood-higado-de-vacuno-crudo,Hígado de vacuno crudo,meat_seafood,organ_meats,raw,B,common,usda_sr_legacy,,,,blocked,,deferred,,"Sin coincidencia USDA única para especie, preparación o forma; se difiere para evitar un mapeo aproximado."
meat-seafood-corazon-de-vacuno-crudo,Corazón de vacuno crudo,meat_seafood,organ_meats,raw,B,common,usda_sr_legacy,,,,blocked,,deferred,,"Sin coincidencia USDA única para especie, preparación o forma; se difiere para evitar un mapeo aproximado."
meat-seafood-lengua-de-vacuno-cruda,Lengua de vacuno cruda,meat_seafood,organ_meats,raw,C,specialized,usda_sr_legacy,,,,blocked,,deferred,,"Sin coincidencia USDA única para especie, preparación o forma; se difiere para evitar un mapeo aproximado."
meat-seafood-higado-de-cerdo-crudo,Hígado de cerdo crudo,meat_seafood,organ_meats,raw,C,specialized,usda_sr_legacy,,,,blocked,,deferred,,"Sin coincidencia USDA única para especie, preparación o forma; se difiere para evitar un mapeo aproximado."
meat-seafood-salmon-crudo,Salmón crudo,meat_seafood,fish,raw,A,essential,usda_sr_legacy,173686,sr_legacy,2018-04,mapped,,source_mapped,,
meat-seafood-salmon-cocido,Salmón cocido,meat_seafood,fish,cooked,A,essential,internal_seed,core-salmon-cooked,core_natural_foods_es_cl,v1,mapped,,source_mapped,,
meat-seafood-atun-fresco-crudo,Atún fresco crudo,meat_seafood,fish,raw,A,essential,usda_sr_legacy,,,,blocked,,deferred,,"Sin coincidencia USDA única para especie, preparación o forma; se difiere para evitar un mapeo aproximado."
meat-seafood-atun-en-agua-drenado,Atún en agua drenado,meat_seafood,fish,ready_to_eat,A,essential,internal_seed,core-tuna-water-drained,core_natural_foods_es_cl,v1,mapped,,source_mapped,,
meat-seafood-reineta-cruda,Reineta cruda,meat_seafood,fish,raw,A,essential,manual_evidence,,,,blocked,,deferred,,Requiere evidencia nutricional chilena independiente; no existe equivalencia USDA segura.
meat-seafood-merluza-cruda,Merluza cruda,meat_seafood,fish,raw,A,essential,manual_evidence,,,,blocked,,deferred,,Requiere evidencia nutricional chilena independiente; no existe equivalencia USDA segura.
meat-seafood-congrio-crudo,Congrio crudo,meat_seafood,fish,raw,B,common,manual_evidence,,,,blocked,,deferred,,Requiere evidencia nutricional chilena independiente; no existe equivalencia USDA segura.
meat-seafood-jurel-crudo,Jurel crudo,meat_seafood,fish,raw,A,essential,manual_evidence,,,,blocked,,deferred,,Requiere evidencia nutricional chilena independiente; no existe equivalencia USDA segura.
meat-seafood-jurel-en-conserva-drenado,Jurel en conserva drenado,meat_seafood,fish,ready_to_eat,B,common,manual_evidence,,,,blocked,,deferred,,Requiere evidencia nutricional chilena independiente; no existe equivalencia USDA segura.
meat-seafood-sardina-cruda,Sardina cruda,meat_seafood,fish,raw,B,common,usda_sr_legacy,,,,blocked,,deferred,,"Sin coincidencia USDA única para especie, preparación o forma; se difiere para evitar un mapeo aproximado."
meat-seafood-sardina-en-conserva-drenada,Sardina en conserva drenada,meat_seafood,fish,ready_to_eat,A,essential,usda_sr_legacy,,,,blocked,,deferred,,"Sin coincidencia USDA única para especie, preparación o forma; se difiere para evitar un mapeo aproximado."
meat-seafood-bacalao-crudo,Bacalao crudo,meat_seafood,fish,raw,B,common,usda_sr_legacy,171955,sr_legacy,2018-04,mapped,,source_mapped,,
meat-seafood-tilapia-cruda,Tilapia cruda,meat_seafood,fish,raw,B,common,usda_sr_legacy,175176,sr_legacy,2018-04,mapped,,source_mapped,,
meat-seafood-trucha-arcoiris-cruda,Trucha arcoíris cruda,meat_seafood,fish,raw,A,essential,usda_sr_legacy,173717,sr_legacy,2018-04,mapped,,source_mapped,,
meat-seafood-corvina-cruda,Corvina cruda,meat_seafood,fish,raw,B,common,manual_evidence,,,,blocked,,deferred,,Requiere evidencia nutricional chilena independiente; no existe equivalencia USDA segura.
meat-seafood-lenguado-crudo,Lenguado crudo,meat_seafood,fish,raw,B,common,usda_sr_legacy,174196,sr_legacy,2018-04,mapped,,source_mapped,,
meat-seafood-albacora-cruda,Albacora cruda,meat_seafood,fish,raw,B,common,manual_evidence,,,,blocked,,deferred,,Requiere evidencia nutricional chilena independiente; no existe equivalencia USDA segura.
meat-seafood-anchoa-cruda,Anchoa cruda,meat_seafood,fish,raw,C,specialized,usda_sr_legacy,174182,sr_legacy,2018-04,mapped,,source_mapped,,
meat-seafood-camaron-crudo,Camarón crudo,meat_seafood,shellfish,raw,A,essential,usda_sr_legacy,174210,sr_legacy,2018-04,mapped,,source_mapped,,
meat-seafood-camaron-cocido,Camarón cocido,meat_seafood,shellfish,cooked,B,common,usda_sr_legacy,175180,sr_legacy,2018-04,mapped,,source_mapped,,
meat-seafood-langostino-crudo,Langostino crudo,meat_seafood,shellfish,raw,B,common,usda_sr_legacy,,,,blocked,,deferred,,"Sin coincidencia USDA única para especie, preparación o forma; se difiere para evitar un mapeo aproximado."
meat-seafood-jaiba-cocida,Jaiba cocida,meat_seafood,shellfish,cooked,A,essential,usda_sr_legacy,,,,blocked,,deferred,,"Sin coincidencia USDA única para especie, preparación o forma; se difiere para evitar un mapeo aproximado."
meat-seafood-centolla-cocida,Centolla cocida,meat_seafood,shellfish,cooked,B,common,usda_sr_legacy,174202,sr_legacy,2018-04,mapped,,source_mapped,,
meat-seafood-langosta-cocida,Langosta cocida,meat_seafood,shellfish,cooked,C,specialized,usda_sr_legacy,174209,sr_legacy,2018-04,mapped,,source_mapped,,
meat-seafood-choritos-cocidos,Choritos cocidos,meat_seafood,shellfish,cooked,A,essential,usda_sr_legacy,,,,blocked,,deferred,,"Sin coincidencia USDA única para especie, preparación o forma; se difiere para evitar un mapeo aproximado."
meat-seafood-almejas-cocidas,Almejas cocidas,meat_seafood,shellfish,cooked,A,essential,usda_sr_legacy,171975,sr_legacy,2018-04,mapped,,source_mapped,,
meat-seafood-ostras-crudas,Ostras crudas,meat_seafood,shellfish,raw,B,common,usda_sr_legacy,,,,blocked,,deferred,,"Sin coincidencia USDA única para especie, preparación o forma; se difiere para evitar un mapeo aproximado."
meat-seafood-ostiones-cocidos,Ostiones cocidos,meat_seafood,shellfish,cooked,B,common,usda_sr_legacy,167742,sr_legacy,2018-04,mapped,,source_mapped,,
meat-seafood-erizo-crudo,Erizo crudo,meat_seafood,shellfish,raw,B,common,manual_evidence,,,,blocked,,deferred,,Requiere evidencia nutricional chilena independiente; no existe equivalencia USDA segura.
meat-seafood-pulpo-cocido,Pulpo cocido,meat_seafood,mollusks,cooked,A,essential,usda_sr_legacy,174249,sr_legacy,2018-04,mapped,,source_mapped,,
meat-seafood-calamar-crudo,Calamar crudo,meat_seafood,mollusks,raw,B,common,usda_sr_legacy,174223,sr_legacy,2018-04,mapped,,source_mapped,,
meat-seafood-jibia-cruda,Jibia cruda,meat_seafood,mollusks,raw,B,common,manual_evidence,,,,blocked,,deferred,,Requiere evidencia nutricional chilena independiente; no existe equivalencia USDA segura.
